<?xml version="1.0" encoding="UTF-8"?>
<!DOCTYPE plist PUBLIC "-//Apple//DTD PLIST 1.0//EN" "http://www.apple.com/DTDs/PropertyList-1.0.dtd">
<plist version="1.0">
<dict>
    <key>get-task-allow</key>
    <true/>
    <key>task_for_pid-allow</key>
    <true/>
    <key>platform-application</key>
    <true/>
    <key>com.apple.private.security.no-container</key>
    <true/>
    <key>com.apple.system-task-ports</key>
    <true/>
    <key>com.apple.private.thread-set-state</key>
    <true/>
</dict>
</plist>